<?xml version="1.0" encoding="utf-8" ?>
<dwsync>
<file name="swipe-page.css" server="grizzly.ecs.wmin.ac.uk/public_html/MobUX/" local="130429863420000000" remote="131561908930000000" Dst="1" />
<file name="swipe-page.js" server="grizzly.ecs.wmin.ac.uk/public_html/MobUX/" local="130429863420000000" remote="131561908950000000" Dst="1" />
<file name="buenosaires.html" server="grizzly.ecs.wmin.ac.uk/public_html/MobUX/" local="130429863420000000" remote="131561908920000000" Dst="1" />
<file name="capetown.html" server="grizzly.ecs.wmin.ac.uk/public_html/MobUX/" local="130429863420000000" remote="131561908950000000" Dst="1" />
<file name="index.html" server="grizzly.ecs.wmin.ac.uk/public_html/MobUX/" local="130429863420000000" remote="131561908950000000" Dst="1" />
<file name="newyork.html" server="grizzly.ecs.wmin.ac.uk/public_html/MobUX/" local="130429863420000000" remote="131561908950000000" Dst="1" />
<file name="paris.html" server="grizzly.ecs.wmin.ac.uk/public_html/MobUX/" local="130429863420000000" remote="131561908950000000" Dst="1" />
<file name="seoul.html" server="grizzly.ecs.wmin.ac.uk/public_html/MobUX/" local="130429863420000000" remote="131561908950000000" Dst="1" />
<file name="sydney.html" server="grizzly.ecs.wmin.ac.uk/public_html/MobUX/" local="130429863420000000" remote="131561908950000000" Dst="1" />
</dwsync>