<?xml version="1.0" encoding="utf-8" ?>
<dwsync>
<file name="jquery-logo.png" server="grizzly.ecs.wmin.ac.uk/public_html/MobUX/" local="130429863520000000" remote="131561908050000000" Dst="1" />
<file name="devices.png" server="grizzly.ecs.wmin.ac.uk/public_html/MobUX/" local="130429863520000000" remote="131561908280000000" Dst="1" />
<file name="gf.png" server="grizzly.ecs.wmin.ac.uk/public_html/MobUX/" local="130429863520000000" remote="131561908310000000" Dst="1" />
<file name="de.png" server="grizzly.ecs.wmin.ac.uk/public_html/MobUX/" local="130429863520000000" remote="131561908310000000" Dst="1" />
<file name="gb.png" server="grizzly.ecs.wmin.ac.uk/public_html/MobUX/" local="130429863520000000" remote="131561908310000000" Dst="1" />
<file name="fi.png" server="grizzly.ecs.wmin.ac.uk/public_html/MobUX/" local="130429863520000000" remote="131561908310000000" Dst="1" />
<file name="us.png" server="grizzly.ecs.wmin.ac.uk/public_html/MobUX/" local="130429863520000000" remote="131561908310000000" Dst="1" />
<file name="album-bb.jpg" server="grizzly.ecs.wmin.ac.uk/public_html/MobUX/" local="130429863540000000" remote="131561908320000000" Dst="1" />
<file name="album-hc.jpg" server="grizzly.ecs.wmin.ac.uk/public_html/MobUX/" local="130429863540000000" remote="131561908320000000" Dst="1" />
<file name="album-p.jpg" server="grizzly.ecs.wmin.ac.uk/public_html/MobUX/" local="130429863540000000" remote="131561908320000000" Dst="1" />
<file name="apple.png" server="grizzly.ecs.wmin.ac.uk/public_html/MobUX/" local="130429863520000000" remote="131561908350000000" Dst="1" />
<file name="blackberry_10.png" server="grizzly.ecs.wmin.ac.uk/public_html/MobUX/" local="130429863520000000" remote="131561908350000000" Dst="1" />
<file name="lumia_800.png" server="grizzly.ecs.wmin.ac.uk/public_html/MobUX/" local="130429863520000000" remote="131561908350000000" Dst="1" />
<file name="galaxy_express.png" server="grizzly.ecs.wmin.ac.uk/public_html/MobUX/" local="130429863520000000" remote="131561908360000000" Dst="1" />
<file name="nexus_7.png" server="grizzly.ecs.wmin.ac.uk/public_html/MobUX/" local="130429863520000000" remote="131561908360000000" Dst="1" />
<file name="firefox_os.png" server="grizzly.ecs.wmin.ac.uk/public_html/MobUX/" local="130429863520000000" remote="131561908480000000" Dst="1" />
<file name="tizen.png" server="grizzly.ecs.wmin.ac.uk/public_html/MobUX/" local="130429863520000000" remote="131561908490000000" Dst="1" />
<file name="bg-pattern.png" server="grizzly.ecs.wmin.ac.uk/public_html/MobUX/" local="130429863520000000" remote="131561908780000000" Dst="1" />
<file name="bike.jpg" server="grizzly.ecs.wmin.ac.uk/public_html/MobUX/" local="130429863520000000" remote="131561908790000000" Dst="1" />
<file name="paris.jpg" server="grizzly.ecs.wmin.ac.uk/public_html/MobUX/" local="130429863520000000" remote="131561908800000000" Dst="1" />
<file name="sydney.jpg" server="grizzly.ecs.wmin.ac.uk/public_html/MobUX/" local="130429863520000000" remote="131561908800000000" Dst="1" />
<file name="newyork.jpg" server="grizzly.ecs.wmin.ac.uk/public_html/MobUX/" local="130429863520000000" remote="131561908810000000" Dst="1" />
<file name="firefox-logo.png" server="grizzly.ecs.wmin.ac.uk/public_html/MobUX/" local="130429863520000000" remote="131561908810000000" Dst="1" />
<file name="bmw-thumb.jpg" server="grizzly.ecs.wmin.ac.uk/public_html/MobUX/" local="130429863520000000" remote="131561908830000000" Dst="1" />
<file name="landrover-thumb.jpg" server="grizzly.ecs.wmin.ac.uk/public_html/MobUX/" local="130429863520000000" remote="131561908840000000" Dst="1" />
<file name="tesla-thumb.jpg" server="grizzly.ecs.wmin.ac.uk/public_html/MobUX/" local="130429863520000000" remote="131561908840000000" Dst="1" />
<file name="photo-landscape.jpg" server="grizzly.ecs.wmin.ac.uk/public_html/MobUX/" local="130429863520000000" remote="131561908860000000" Dst="1" />
<file name="photo-portrait.jpg" server="grizzly.ecs.wmin.ac.uk/public_html/MobUX/" local="130429863520000000" remote="131561908870000000" Dst="1" />
<file name="buenosaires.jpg" server="grizzly.ecs.wmin.ac.uk/public_html/MobUX/" local="130429863520000000" remote="131561908930000000" Dst="1" />
<file name="capetown.jpg" server="grizzly.ecs.wmin.ac.uk/public_html/MobUX/" local="130429863520000000" remote="131561908940000000" Dst="1" />
<file name="seoul.jpg" server="grizzly.ecs.wmin.ac.uk/public_html/MobUX/" local="130429863520000000" remote="131561908940000000" Dst="1" />
<file name="album-af.jpg" server="grizzly.ecs.wmin.ac.uk/public_html/MobUX/" local="130429863540000000" remote="131561909040000000" Dst="1" />
<file name="album-ag.jpg" server="grizzly.ecs.wmin.ac.uk/public_html/MobUX/" local="130429863540000000" remote="131561909040000000" Dst="1" />
<file name="album-bk.jpg" server="grizzly.ecs.wmin.ac.uk/public_html/MobUX/" local="130429863520000000" remote="131561909060000000" Dst="1" />
<file name="album-k.jpg" server="grizzly.ecs.wmin.ac.uk/public_html/MobUX/" local="130429863520000000" remote="131561909060000000" Dst="1" />
<file name="album-mg.jpg" server="grizzly.ecs.wmin.ac.uk/public_html/MobUX/" local="130429863520000000" remote="131561909060000000" Dst="1" />
<file name="album-ok.jpg" server="grizzly.ecs.wmin.ac.uk/public_html/MobUX/" local="130429863540000000" remote="131561909060000000" Dst="1" />
<file name="album-rh.jpg" server="grizzly.ecs.wmin.ac.uk/public_html/MobUX/" local="130429863520000000" remote="131561909060000000" Dst="1" />
<file name="album-ws.jpg" server="grizzly.ecs.wmin.ac.uk/public_html/MobUX/" local="130429863520000000" remote="131561909060000000" Dst="1" />
<file name="album-xx.jpg" server="grizzly.ecs.wmin.ac.uk/public_html/MobUX/" local="130429863520000000" remote="131561909060000000" Dst="1" />
<file name="bmw.jpg" server="grizzly.ecs.wmin.ac.uk/public_html/MobUX/" local="130429863520000000" remote="131561909070000000" Dst="1" />
<file name="landrover.jpg" server="grizzly.ecs.wmin.ac.uk/public_html/MobUX/" local="130429863520000000" remote="131561909100000000" Dst="1" />
<file name="phone_galaxy3.png.jpg" server="grizzly.ecs.wmin.ac.uk/public_html/MobUX/" local="130429863520000000" remote="131561909110000000" Dst="1" />
<file name="phone_iphone5.png.jpg" server="grizzly.ecs.wmin.ac.uk/public_html/MobUX/" local="130429863520000000" remote="131561909110000000" Dst="1" />
<file name="phone_lumia920.png.jpg" server="grizzly.ecs.wmin.ac.uk/public_html/MobUX/" local="130429863520000000" remote="131561909120000000" Dst="1" />
<file name="phone_onex.png.jpg" server="grizzly.ecs.wmin.ac.uk/public_html/MobUX/" local="130429863520000000" remote="131561909120000000" Dst="1" />
<file name="photo-run.jpeg" server="grizzly.ecs.wmin.ac.uk/public_html/MobUX/" local="130429863520000000" remote="131561909120000000" Dst="1" />
<file name="tesla.jpg" server="grizzly.ecs.wmin.ac.uk/public_html/MobUX/" local="130429863520000000" remote="131561909300000000" Dst="1" />
</dwsync>