<?xml version="1.0" encoding="utf-8" ?>
<dwsync>
<file name="dialog-alt.html" server="grizzly.ecs.wmin.ac.uk/public_html/MobUX/" local="130429863440000000" remote="131561908740000000" Dst="1" />
<file name="dialog-buttons.html" server="grizzly.ecs.wmin.ac.uk/public_html/MobUX/" local="130429863440000000" remote="131561908740000000" Dst="1" />
<file name="dialog-corners.html" server="grizzly.ecs.wmin.ac.uk/public_html/MobUX/" local="130429863440000000" remote="131561908740000000" Dst="1" />
<file name="dialog-noclosebtn.html" server="grizzly.ecs.wmin.ac.uk/public_html/MobUX/" local="130429863440000000" remote="131561908740000000" Dst="1" />
<file name="dialog-overlay.html" server="grizzly.ecs.wmin.ac.uk/public_html/MobUX/" local="130429863440000000" remote="131561908740000000" Dst="1" />
<file name="dialog-rightclosebtn.html" server="grizzly.ecs.wmin.ac.uk/public_html/MobUX/" local="130429863440000000" remote="131561908740000000" Dst="1" />
<file name="dialog-success.html" server="grizzly.ecs.wmin.ac.uk/public_html/MobUX/" local="130429863440000000" remote="131561908740000000" Dst="1" />
<file name="dialog-with-select.html" server="grizzly.ecs.wmin.ac.uk/public_html/MobUX/" local="130429863440000000" remote="131561908740000000" Dst="1" />
<file name="dialog.html" server="grizzly.ecs.wmin.ac.uk/public_html/MobUX/" local="130429863440000000" remote="131561908740000000" Dst="1" />
<file name="index.html" server="grizzly.ecs.wmin.ac.uk/public_html/MobUX/" local="130429863440000000" remote="131561908750000000" Dst="1" />
</dwsync>