<?xml version="1.0" encoding="utf-8" ?>
<dwsync>
<file name="jquery.mobile-1.4.2.css" server="grizzly.ecs.wmin.ac.uk/public_html/MobUX/" local="130429863380000000" remote="131561907620000000" Dst="1" />
<file name="jquery.mobile-1.4.2.js" server="grizzly.ecs.wmin.ac.uk/public_html/MobUX/" local="130429863380000000" remote="131561907760000000" Dst="1" />
<file name="jquery.mobile-1.4.2.min.css" server="grizzly.ecs.wmin.ac.uk/public_html/MobUX/" local="130429863400000000" remote="131561909410000000" Dst="1" />
<file name="jquery.mobile-1.4.2.min.js" server="grizzly.ecs.wmin.ac.uk/public_html/MobUX/" local="130429863380000000" remote="131561909420000000" Dst="1" />
<file name="jquery.mobile-1.4.2.min.map" server="grizzly.ecs.wmin.ac.uk/public_html/MobUX/" local="130429863380000000" remote="131561909430000000" Dst="1" />
<file name="jquery.mobile.external-png-1.4.2.css" server="grizzly.ecs.wmin.ac.uk/public_html/MobUX/" local="130429863380000000" remote="131561909430000000" Dst="1" />
<file name="jquery.mobile.external-png-1.4.2.min.css" server="grizzly.ecs.wmin.ac.uk/public_html/MobUX/" local="130429863380000000" remote="131561909440000000" Dst="1" />
<file name="jquery.mobile.icons-1.4.2.css" server="grizzly.ecs.wmin.ac.uk/public_html/MobUX/" local="130429863380000000" remote="131561909450000000" Dst="1" />
<file name="jquery.mobile.icons-1.4.2.min.css" server="grizzly.ecs.wmin.ac.uk/public_html/MobUX/" local="130429863380000000" remote="131561909450000000" Dst="1" />
<file name="jquery.mobile.inline-png-1.4.2.css" server="grizzly.ecs.wmin.ac.uk/public_html/MobUX/" local="130429863380000000" remote="131561909460000000" Dst="1" />
<file name="jquery.mobile.inline-png-1.4.2.min.css" server="grizzly.ecs.wmin.ac.uk/public_html/MobUX/" local="130429863380000000" remote="131561909470000000" Dst="1" />
<file name="jquery.mobile.inline-svg-1.4.2.css" server="grizzly.ecs.wmin.ac.uk/public_html/MobUX/" local="130429863380000000" remote="131561909470000000" Dst="1" />
<file name="jquery.mobile.inline-svg-1.4.2.min.css" server="grizzly.ecs.wmin.ac.uk/public_html/MobUX/" local="130429863360000000" remote="131561909480000000" Dst="1" />
<file name="jquery.mobile.structure-1.4.2.css" server="grizzly.ecs.wmin.ac.uk/public_html/MobUX/" local="130429863360000000" remote="131561909490000000" Dst="1" />
<file name="jquery.mobile.structure-1.4.2.min.css" server="grizzly.ecs.wmin.ac.uk/public_html/MobUX/" local="130429863360000000" remote="131561909490000000" Dst="1" />
<file name="jquery.mobile.theme-1.4.2.css" server="grizzly.ecs.wmin.ac.uk/public_html/MobUX/" local="130429863360000000" remote="131561909490000000" Dst="1" />
<file name="jquery.mobile.theme-1.4.2.min.css" server="grizzly.ecs.wmin.ac.uk/public_html/MobUX/" local="130429863360000000" remote="131561909500000000" Dst="1" />
</dwsync>