<?xml version="1.0" encoding="utf-8" ?>
<dwsync>
<file name="21-skull.png" server="grizzly.ecs.wmin.ac.uk/public_html/MobUX/" local="130429863540000000" remote="131561908270000000" Dst="1" />
<file name="09-chat2.png" server="grizzly.ecs.wmin.ac.uk/public_html/MobUX/" local="130429863540000000" remote="131561908540000000" Dst="1" />
<file name="18-envelope.png" server="grizzly.ecs.wmin.ac.uk/public_html/MobUX/" local="130429863540000000" remote="131561908540000000" Dst="1" />
<file name="30-key.png" server="grizzly.ecs.wmin.ac.uk/public_html/MobUX/" local="130429863540000000" remote="131561908550000000" Dst="1" />
<file name="88-beermug.png" server="grizzly.ecs.wmin.ac.uk/public_html/MobUX/" local="130429863540000000" remote="131561908550000000" Dst="1" />
<file name="100-coffee.png" server="grizzly.ecs.wmin.ac.uk/public_html/MobUX/" local="130429863540000000" remote="131561908550000000" Dst="1" />
<file name="19-gear.png" server="grizzly.ecs.wmin.ac.uk/public_html/MobUX/" local="130429863540000000" remote="131561909080000000" Dst="1" />
<file name="34-coffee.png" server="grizzly.ecs.wmin.ac.uk/public_html/MobUX/" local="130429863540000000" remote="131561909080000000" Dst="1" />
<file name="Read me first - license.txt" server="grizzly.ecs.wmin.ac.uk/public_html/MobUX/" local="130429863540000000" remote="131561909080000000" Dst="1" />
</dwsync>