<?xml version="1.0" encoding="utf-8" ?>
<dwsync>
<file name="action-black.svg" server="grizzly.ecs.wmin.ac.uk/public_html/MobUX/" local="130429863500000000" remote="131561908120000000" Dst="1" />
<file name="action-white.svg" server="grizzly.ecs.wmin.ac.uk/public_html/MobUX/" local="130429863500000000" remote="131561908120000000" Dst="1" />
<file name="alert-black.svg" server="grizzly.ecs.wmin.ac.uk/public_html/MobUX/" local="130429863500000000" remote="131561908120000000" Dst="1" />
<file name="alert-white.svg" server="grizzly.ecs.wmin.ac.uk/public_html/MobUX/" local="130429863500000000" remote="131561908120000000" Dst="1" />
<file name="arrow-d-black.svg" server="grizzly.ecs.wmin.ac.uk/public_html/MobUX/" local="130429863500000000" remote="131561908120000000" Dst="1" />
<file name="arrow-d-l-black.svg" server="grizzly.ecs.wmin.ac.uk/public_html/MobUX/" local="130429863500000000" remote="131561908130000000" Dst="1" />
<file name="arrow-d-l-white.svg" server="grizzly.ecs.wmin.ac.uk/public_html/MobUX/" local="130429863500000000" remote="131561908130000000" Dst="1" />
<file name="arrow-d-r-black.svg" server="grizzly.ecs.wmin.ac.uk/public_html/MobUX/" local="130429863500000000" remote="131561908130000000" Dst="1" />
<file name="arrow-d-r-white.svg" server="grizzly.ecs.wmin.ac.uk/public_html/MobUX/" local="130429863500000000" remote="131561908130000000" Dst="1" />
<file name="arrow-d-white.svg" server="grizzly.ecs.wmin.ac.uk/public_html/MobUX/" local="130429863480000000" remote="131561908130000000" Dst="1" />
<file name="arrow-l-black.svg" server="grizzly.ecs.wmin.ac.uk/public_html/MobUX/" local="130429863500000000" remote="131561908130000000" Dst="1" />
<file name="arrow-l-white.svg" server="grizzly.ecs.wmin.ac.uk/public_html/MobUX/" local="130429863480000000" remote="131561908130000000" Dst="1" />
<file name="arrow-r-black.svg" server="grizzly.ecs.wmin.ac.uk/public_html/MobUX/" local="130429863500000000" remote="131561908130000000" Dst="1" />
<file name="arrow-r-white.svg" server="grizzly.ecs.wmin.ac.uk/public_html/MobUX/" local="130429863480000000" remote="131561908130000000" Dst="1" />
<file name="arrow-u-black.svg" server="grizzly.ecs.wmin.ac.uk/public_html/MobUX/" local="130429863480000000" remote="131561908130000000" Dst="1" />
<file name="arrow-u-l-black.svg" server="grizzly.ecs.wmin.ac.uk/public_html/MobUX/" local="130429863480000000" remote="131561908140000000" Dst="1" />
<file name="arrow-u-l-white.svg" server="grizzly.ecs.wmin.ac.uk/public_html/MobUX/" local="130429863480000000" remote="131561908140000000" Dst="1" />
<file name="arrow-u-r-black.svg" server="grizzly.ecs.wmin.ac.uk/public_html/MobUX/" local="130429863480000000" remote="131561908140000000" Dst="1" />
<file name="arrow-u-r-white.svg" server="grizzly.ecs.wmin.ac.uk/public_html/MobUX/" local="130429863480000000" remote="131561908140000000" Dst="1" />
<file name="arrow-u-white.svg" server="grizzly.ecs.wmin.ac.uk/public_html/MobUX/" local="130429863480000000" remote="131561908140000000" Dst="1" />
<file name="audio-black.svg" server="grizzly.ecs.wmin.ac.uk/public_html/MobUX/" local="130429863480000000" remote="131561908140000000" Dst="1" />
<file name="audio-white.svg" server="grizzly.ecs.wmin.ac.uk/public_html/MobUX/" local="130429863480000000" remote="131561908140000000" Dst="1" />
<file name="back-black.svg" server="grizzly.ecs.wmin.ac.uk/public_html/MobUX/" local="130429863480000000" remote="131561908140000000" Dst="1" />
<file name="back-white.svg" server="grizzly.ecs.wmin.ac.uk/public_html/MobUX/" local="130429863480000000" remote="131561908140000000" Dst="1" />
<file name="bars-black.svg" server="grizzly.ecs.wmin.ac.uk/public_html/MobUX/" local="130429863480000000" remote="131561908140000000" Dst="1" />
<file name="bars-white.svg" server="grizzly.ecs.wmin.ac.uk/public_html/MobUX/" local="130429863480000000" remote="131561908140000000" Dst="1" />
<file name="bullets-black.svg" server="grizzly.ecs.wmin.ac.uk/public_html/MobUX/" local="130429863480000000" remote="131561908140000000" Dst="1" />
<file name="bullets-white.svg" server="grizzly.ecs.wmin.ac.uk/public_html/MobUX/" local="130429863480000000" remote="131561908140000000" Dst="1" />
<file name="calendar-black.svg" server="grizzly.ecs.wmin.ac.uk/public_html/MobUX/" local="130429863480000000" remote="131561908150000000" Dst="1" />
<file name="calendar-white.svg" server="grizzly.ecs.wmin.ac.uk/public_html/MobUX/" local="130429863480000000" remote="131561908150000000" Dst="1" />
<file name="camera-black.svg" server="grizzly.ecs.wmin.ac.uk/public_html/MobUX/" local="130429863480000000" remote="131561908150000000" Dst="1" />
<file name="camera-white.svg" server="grizzly.ecs.wmin.ac.uk/public_html/MobUX/" local="130429863480000000" remote="131561908150000000" Dst="1" />
<file name="carat-d-black.svg" server="grizzly.ecs.wmin.ac.uk/public_html/MobUX/" local="130429863480000000" remote="131561908150000000" Dst="1" />
<file name="carat-d-white.svg" server="grizzly.ecs.wmin.ac.uk/public_html/MobUX/" local="130429863480000000" remote="131561908150000000" Dst="1" />
<file name="carat-l-black.svg" server="grizzly.ecs.wmin.ac.uk/public_html/MobUX/" local="130429863480000000" remote="131561908150000000" Dst="1" />
<file name="carat-l-white.svg" server="grizzly.ecs.wmin.ac.uk/public_html/MobUX/" local="130429863480000000" remote="131561908150000000" Dst="1" />
<file name="carat-r-black.svg" server="grizzly.ecs.wmin.ac.uk/public_html/MobUX/" local="130429863480000000" remote="131561908150000000" Dst="1" />
<file name="carat-r-white.svg" server="grizzly.ecs.wmin.ac.uk/public_html/MobUX/" local="130429863480000000" remote="131561908150000000" Dst="1" />
<file name="carat-u-black.svg" server="grizzly.ecs.wmin.ac.uk/public_html/MobUX/" local="130429863480000000" remote="131561908150000000" Dst="1" />
<file name="carat-u-white.svg" server="grizzly.ecs.wmin.ac.uk/public_html/MobUX/" local="130429863480000000" remote="131561908150000000" Dst="1" />
<file name="check-black.svg" server="grizzly.ecs.wmin.ac.uk/public_html/MobUX/" local="130429863480000000" remote="131561908150000000" Dst="1" />
<file name="check-white.svg" server="grizzly.ecs.wmin.ac.uk/public_html/MobUX/" local="130429863480000000" remote="131561908150000000" Dst="1" />
<file name="clock-black.svg" server="grizzly.ecs.wmin.ac.uk/public_html/MobUX/" local="130429863480000000" remote="131561908150000000" Dst="1" />
<file name="clock-white.svg" server="grizzly.ecs.wmin.ac.uk/public_html/MobUX/" local="130429863480000000" remote="131561908160000000" Dst="1" />
<file name="cloud-black.svg" server="grizzly.ecs.wmin.ac.uk/public_html/MobUX/" local="130429863480000000" remote="131561908160000000" Dst="1" />
<file name="cloud-white.svg" server="grizzly.ecs.wmin.ac.uk/public_html/MobUX/" local="130429863480000000" remote="131561908160000000" Dst="1" />
<file name="comment-black.svg" server="grizzly.ecs.wmin.ac.uk/public_html/MobUX/" local="130429863480000000" remote="131561908160000000" Dst="1" />
<file name="comment-white.svg" server="grizzly.ecs.wmin.ac.uk/public_html/MobUX/" local="130429863480000000" remote="131561908160000000" Dst="1" />
<file name="delete-black.svg" server="grizzly.ecs.wmin.ac.uk/public_html/MobUX/" local="130429863480000000" remote="131561908160000000" Dst="1" />
<file name="delete-white.svg" server="grizzly.ecs.wmin.ac.uk/public_html/MobUX/" local="130429863480000000" remote="131561908160000000" Dst="1" />
<file name="edit-black.svg" server="grizzly.ecs.wmin.ac.uk/public_html/MobUX/" local="130429863480000000" remote="131561908160000000" Dst="1" />
<file name="edit-white.svg" server="grizzly.ecs.wmin.ac.uk/public_html/MobUX/" local="130429863480000000" remote="131561908160000000" Dst="1" />
<file name="eye-black.svg" server="grizzly.ecs.wmin.ac.uk/public_html/MobUX/" local="130429863480000000" remote="131561908160000000" Dst="1" />
<file name="eye-white.svg" server="grizzly.ecs.wmin.ac.uk/public_html/MobUX/" local="130429863480000000" remote="131561908160000000" Dst="1" />
<file name="forbidden-black.svg" server="grizzly.ecs.wmin.ac.uk/public_html/MobUX/" local="130429863480000000" remote="131561908160000000" Dst="1" />
<file name="forbidden-white.svg" server="grizzly.ecs.wmin.ac.uk/public_html/MobUX/" local="130429863480000000" remote="131561908160000000" Dst="1" />
<file name="forward-black.svg" server="grizzly.ecs.wmin.ac.uk/public_html/MobUX/" local="130429863480000000" remote="131561908160000000" Dst="1" />
<file name="forward-white.svg" server="grizzly.ecs.wmin.ac.uk/public_html/MobUX/" local="130429863480000000" remote="131561908170000000" Dst="1" />
<file name="gear-black.svg" server="grizzly.ecs.wmin.ac.uk/public_html/MobUX/" local="130429863480000000" remote="131561908170000000" Dst="1" />
<file name="gear-white.svg" server="grizzly.ecs.wmin.ac.uk/public_html/MobUX/" local="130429863480000000" remote="131561908170000000" Dst="1" />
<file name="grid-black.svg" server="grizzly.ecs.wmin.ac.uk/public_html/MobUX/" local="130429863480000000" remote="131561908170000000" Dst="1" />
<file name="grid-white.svg" server="grizzly.ecs.wmin.ac.uk/public_html/MobUX/" local="130429863480000000" remote="131561908170000000" Dst="1" />
<file name="heart-black.svg" server="grizzly.ecs.wmin.ac.uk/public_html/MobUX/" local="130429863480000000" remote="131561908170000000" Dst="1" />
<file name="heart-white.svg" server="grizzly.ecs.wmin.ac.uk/public_html/MobUX/" local="130429863480000000" remote="131561908170000000" Dst="1" />
<file name="home-black.svg" server="grizzly.ecs.wmin.ac.uk/public_html/MobUX/" local="130429863480000000" remote="131561908170000000" Dst="1" />
<file name="home-white.svg" server="grizzly.ecs.wmin.ac.uk/public_html/MobUX/" local="130429863480000000" remote="131561908170000000" Dst="1" />
<file name="info-black.svg" server="grizzly.ecs.wmin.ac.uk/public_html/MobUX/" local="130429863480000000" remote="131561908170000000" Dst="1" />
<file name="info-white.svg" server="grizzly.ecs.wmin.ac.uk/public_html/MobUX/" local="130429863480000000" remote="131561908170000000" Dst="1" />
<file name="location-black.svg" server="grizzly.ecs.wmin.ac.uk/public_html/MobUX/" local="130429863480000000" remote="131561908170000000" Dst="1" />
<file name="location-white.svg" server="grizzly.ecs.wmin.ac.uk/public_html/MobUX/" local="130429863480000000" remote="131561908170000000" Dst="1" />
<file name="lock-black.svg" server="grizzly.ecs.wmin.ac.uk/public_html/MobUX/" local="130429863480000000" remote="131561908170000000" Dst="1" />
<file name="lock-white.svg" server="grizzly.ecs.wmin.ac.uk/public_html/MobUX/" local="130429863480000000" remote="131561908180000000" Dst="1" />
<file name="mail-black.svg" server="grizzly.ecs.wmin.ac.uk/public_html/MobUX/" local="130429863480000000" remote="131561908180000000" Dst="1" />
<file name="mail-white.svg" server="grizzly.ecs.wmin.ac.uk/public_html/MobUX/" local="130429863480000000" remote="131561908180000000" Dst="1" />
<file name="minus-black.svg" server="grizzly.ecs.wmin.ac.uk/public_html/MobUX/" local="130429863480000000" remote="131561908180000000" Dst="1" />
<file name="minus-white.svg" server="grizzly.ecs.wmin.ac.uk/public_html/MobUX/" local="130429863480000000" remote="131561908180000000" Dst="1" />
<file name="navigation-black.svg" server="grizzly.ecs.wmin.ac.uk/public_html/MobUX/" local="130429863480000000" remote="131561908180000000" Dst="1" />
<file name="navigation-white.svg" server="grizzly.ecs.wmin.ac.uk/public_html/MobUX/" local="130429863480000000" remote="131561908180000000" Dst="1" />
<file name="phone-black.svg" server="grizzly.ecs.wmin.ac.uk/public_html/MobUX/" local="130429863480000000" remote="131561908180000000" Dst="1" />
<file name="phone-white.svg" server="grizzly.ecs.wmin.ac.uk/public_html/MobUX/" local="130429863480000000" remote="131561908180000000" Dst="1" />
<file name="plus-black.svg" server="grizzly.ecs.wmin.ac.uk/public_html/MobUX/" local="130429863480000000" remote="131561908180000000" Dst="1" />
<file name="plus-white.svg" server="grizzly.ecs.wmin.ac.uk/public_html/MobUX/" local="130429863480000000" remote="131561908180000000" Dst="1" />
<file name="power-black.svg" server="grizzly.ecs.wmin.ac.uk/public_html/MobUX/" local="130429863480000000" remote="131561908180000000" Dst="1" />
<file name="power-white.svg" server="grizzly.ecs.wmin.ac.uk/public_html/MobUX/" local="130429863480000000" remote="131561908180000000" Dst="1" />
<file name="recycle-black.svg" server="grizzly.ecs.wmin.ac.uk/public_html/MobUX/" local="130429863480000000" remote="131561908180000000" Dst="1" />
<file name="recycle-white.svg" server="grizzly.ecs.wmin.ac.uk/public_html/MobUX/" local="130429863480000000" remote="131561908180000000" Dst="1" />
<file name="refresh-black.svg" server="grizzly.ecs.wmin.ac.uk/public_html/MobUX/" local="130429863480000000" remote="131561908190000000" Dst="1" />
<file name="refresh-white.svg" server="grizzly.ecs.wmin.ac.uk/public_html/MobUX/" local="130429863480000000" remote="131561908190000000" Dst="1" />
<file name="search-black.svg" server="grizzly.ecs.wmin.ac.uk/public_html/MobUX/" local="130429863480000000" remote="131561908190000000" Dst="1" />
<file name="search-white.svg" server="grizzly.ecs.wmin.ac.uk/public_html/MobUX/" local="130429863480000000" remote="131561908190000000" Dst="1" />
<file name="shop-black.svg" server="grizzly.ecs.wmin.ac.uk/public_html/MobUX/" local="130429863480000000" remote="131561908190000000" Dst="1" />
<file name="shop-white.svg" server="grizzly.ecs.wmin.ac.uk/public_html/MobUX/" local="130429863480000000" remote="131561908190000000" Dst="1" />
<file name="star-black.svg" server="grizzly.ecs.wmin.ac.uk/public_html/MobUX/" local="130429863480000000" remote="131561908190000000" Dst="1" />
<file name="star-white.svg" server="grizzly.ecs.wmin.ac.uk/public_html/MobUX/" local="130429863480000000" remote="131561908190000000" Dst="1" />
<file name="tag-black.svg" server="grizzly.ecs.wmin.ac.uk/public_html/MobUX/" local="130429863480000000" remote="131561908190000000" Dst="1" />
<file name="tag-white.svg" server="grizzly.ecs.wmin.ac.uk/public_html/MobUX/" local="130429863480000000" remote="131561908190000000" Dst="1" />
<file name="user-black.svg" server="grizzly.ecs.wmin.ac.uk/public_html/MobUX/" local="130429863480000000" remote="131561908190000000" Dst="1" />
<file name="user-white.svg" server="grizzly.ecs.wmin.ac.uk/public_html/MobUX/" local="130429863480000000" remote="131561908190000000" Dst="1" />
<file name="video-black.svg" server="grizzly.ecs.wmin.ac.uk/public_html/MobUX/" local="130429863480000000" remote="131561908190000000" Dst="1" />
<file name="video-white.svg" server="grizzly.ecs.wmin.ac.uk/public_html/MobUX/" local="130429863480000000" remote="131561908190000000" Dst="1" />
</dwsync>