<?xml version="1.0" encoding="utf-8" ?>
<dwsync>
<file name="controls-in-header-footer.html" server="grizzly.ecs.wmin.ac.uk/public_html/MobUX/" local="130429863500000000" remote="131561908690000000" Dst="1" />
<file name="disabling-a-button-does-not-work.html" server="grizzly.ecs.wmin.ac.uk/public_html/MobUX/" local="130429863500000000" remote="131561908690000000" Dst="1" />
<file name="dom-ready-not-working.html" server="grizzly.ecs.wmin.ac.uk/public_html/MobUX/" local="130429863500000000" remote="131561908700000000" Dst="1" />
<file name="how-can-i-stop-auto-enhancement-of-a-block-of-elements.html" server="grizzly.ecs.wmin.ac.uk/public_html/MobUX/" local="130429863500000000" remote="131561908700000000" Dst="1" />
<file name="how-can-i-stop-auto-enhancement-of-elements.html" server="grizzly.ecs.wmin.ac.uk/public_html/MobUX/" local="130429863500000000" remote="131561908700000000" Dst="1" />
<file name="how-configure-phonegap-cordova.html" server="grizzly.ecs.wmin.ac.uk/public_html/MobUX/" local="130429863500000000" remote="131561908700000000" Dst="1" />
<file name="how-do-i-control-page-titles.html" server="grizzly.ecs.wmin.ac.uk/public_html/MobUX/" local="130429863500000000" remote="131561908700000000" Dst="1" />
<file name="how-do-i-load-a-page.html" server="grizzly.ecs.wmin.ac.uk/public_html/MobUX/" local="130429863500000000" remote="131561908700000000" Dst="1" />
<file name="how-do-i-scroll-to-a-position.html" server="grizzly.ecs.wmin.ac.uk/public_html/MobUX/" local="130429863500000000" remote="131561908700000000" Dst="1" />
<file name="how-do-i-turn-off-url-hiding.html" server="grizzly.ecs.wmin.ac.uk/public_html/MobUX/" local="130429863500000000" remote="131561908710000000" Dst="1" />
<file name="how-do-i-use-touch-mouse-events.html" server="grizzly.ecs.wmin.ac.uk/public_html/MobUX/" local="130429863500000000" remote="131561908710000000" Dst="1" />
<file name="how-does-theming-work.html" server="grizzly.ecs.wmin.ac.uk/public_html/MobUX/" local="130429863500000000" remote="131561908710000000" Dst="1" />
<file name="index.html" server="grizzly.ecs.wmin.ac.uk/public_html/MobUX/" local="130429863500000000" remote="131561908710000000" Dst="1" />
<file name="injected-content-is-not-enhanced.html" server="grizzly.ecs.wmin.ac.uk/public_html/MobUX/" local="130429863500000000" remote="131561908710000000" Dst="1" />
<file name="my-html-5-inputs-look-different-in-browsers.html" server="grizzly.ecs.wmin.ac.uk/public_html/MobUX/" local="130429863500000000" remote="131561908710000000" Dst="1" />
<file name="my-range-search-input-type-is-being-changed.html" server="grizzly.ecs.wmin.ac.uk/public_html/MobUX/" local="130429863500000000" remote="131561908710000000" Dst="1" />
<file name="pass-query-params-to-page.html" server="grizzly.ecs.wmin.ac.uk/public_html/MobUX/" local="130429863500000000" remote="131561908710000000" Dst="1" />
<file name="pass-via-the-hash-to-page.html" server="grizzly.ecs.wmin.ac.uk/public_html/MobUX/" local="130429863500000000" remote="131561908720000000" Dst="1" />
<file name="scripts-and-styles-not-loading.html" server="grizzly.ecs.wmin.ac.uk/public_html/MobUX/" local="130429863500000000" remote="131561908720000000" Dst="1" />
<file name="sometimes-custom-select-shows-as-dialog-popup.html" server="grizzly.ecs.wmin.ac.uk/public_html/MobUX/" local="130429863500000000" remote="131561908720000000" Dst="1" />
<file name="the-application-cache-is-not-working.html" server="grizzly.ecs.wmin.ac.uk/public_html/MobUX/" local="130429863500000000" remote="131561908720000000" Dst="1" />
<file name="triggering-create-on-injected-content-does-not-work.html" server="grizzly.ecs.wmin.ac.uk/public_html/MobUX/" local="130429863500000000" remote="131561908720000000" Dst="1" />
<file name="updating-the-value-of-enhanced-form-elements-does-not-work.html" server="grizzly.ecs.wmin.ac.uk/public_html/MobUX/" local="130429863500000000" remote="131561908720000000" Dst="1" />
<file name="why-is-only-the-first-page-loaded.html" server="grizzly.ecs.wmin.ac.uk/public_html/MobUX/" local="130429863500000000" remote="131561908720000000" Dst="1" />
<file name="why-wont-my-css-styles-apply-correctly-to-a-widget.html" server="grizzly.ecs.wmin.ac.uk/public_html/MobUX/" local="130429863500000000" remote="131561908730000000" Dst="1" />
</dwsync>