<?xml version="1.0" encoding="utf-8" ?>
<dwsync>
<file name="favicon.ico" server="grizzly.ecs.wmin.ac.uk/public_html/MobUX/" local="130429863420000000" remote="131561908010000000" Dst="1" />
<file name="jqm-navmenu.php" server="grizzly.ecs.wmin.ac.uk/public_html/MobUX/" local="130429863420000000" remote="131561908060000000" Dst="1" />
<file name="jqm-search.php" server="grizzly.ecs.wmin.ac.uk/public_html/MobUX/" local="130429863420000000" remote="131561908060000000" Dst="1" />
<file name="index.html" server="grizzly.ecs.wmin.ac.uk/public_html/MobUX/" local="130429863420000000" remote="131561908280000000" Dst="1" />
<file name="jqm-contents.html" server="grizzly.ecs.wmin.ac.uk/public_html/MobUX/" local="130429863420000000" remote="131561908290000000" Dst="1" />
<file name="jqm-contents.php" server="grizzly.ecs.wmin.ac.uk/public_html/MobUX/" local="130429863420000000" remote="131561908290000000" Dst="1" />
<file name="jqm-navmenu.html" server="grizzly.ecs.wmin.ac.uk/public_html/MobUX/" local="130429863420000000" remote="131561908290000000" Dst="1" />
<file name="jqm-search.html" server="grizzly.ecs.wmin.ac.uk/public_html/MobUX/" local="130429863420000000" remote="131561908290000000" Dst="1" />
</dwsync>